{
  "venue": "NeurIPS",
  "year": 2025,
  "total_papers": 5526,
  "papers_with_reviews": 5526,
  "average_rating": 4.31,
  "fetch_date": "2025-11-08T01:15:34.373120",
  "file_size_mb": 36.142526626586914,
  "includes_review_data": true
}